artwork_id,fleiss_kappa,krippendorff_alpha
7066,0.49413093274529846,0.49585157583119877
33965,,
5629,,
