artwork_id,fleiss_kappa,krippendorff_alpha
7066,0.42561032720460956,0.42781951825382303
33965,0.42680776014109395,0.4297472075249853
5629,0.6652714358193812,0.6689497716894977
